"ID","Модуль","Сценарий","Где проверять","Результат проверки","Версия","Дата проверки","Устройство","Фактический результат","Свидетельство"
"M01","Регулярное моделирование объектов проекта","Начать описание без заполнения всего шаблона","Локальный редактор","Не проверено","1.5.0","No Data","No Data","No Data","No Data"
"M02","Регулярное моделирование объектов проекта","Сохранить содержательную модель и вернуться к её истории","Локальный редактор","Не проверено","1.5.0","No Data","No Data","No Data","No Data"
"M03","Регулярное моделирование объектов проекта","Найти объекты для регулярного обзора","Локальный редактор","Не проверено","1.5.0","No Data","No Data","No Data","No Data"
"M04","Регулярное моделирование объектов проекта","Проверять подальфы вместе с родительским объектом","Локальный редактор","Не проверено","1.5.0","No Data","No Data","No Data","No Data"
"M05","Регулярное моделирование объектов проекта","Отличать заполнение карточки от подтверждения состояния","Локальный редактор","Не проверено","1.5.0","No Data","No Data","No Data","No Data"
"M06","Регулярное моделирование объектов проекта","Защитить текст от перезаписи устаревшей вкладкой","Локальный редактор","Не проверено","1.5.0","No Data","No Data","No Data","No Data"
"M07","Регулярное моделирование объектов проекта","Считать полноту модели по выбранному обязательному шаблону","Предстоящая функция","Ожидает реализации","1.5.0","No Data","No Data","No Data","No Data"
"M08","Регулярное моделирование объектов проекта","Различать проектное именование и содержательную адаптацию","Предстоящая функция","Ожидает реализации","1.5.0","No Data","No Data","No Data","No Data"
"I01","Удерживать показатели и выбранные ориентиры в поле внимания","Держать чтение и работу по руководствам отдельными нормативами","Локальный редактор","Не проверено","1.5.0","No Data","No Data","No Data","No Data"
"I02","Удерживать показатели и выбранные ориентиры в поле внимания","Изменять план выбранной недели без переписывания другой","Локальный редактор","Не проверено","1.5.0","No Data","No Data","No Data","No Data"
"I03","Удерживать показатели и выбранные ориентиры в поле внимания","Показывать неизвестный факт без выдуманного нуля","Локальный редактор","Не проверено","1.5.0","No Data","No Data","No Data","No Data"
"I04","Удерживать показатели и выбранные ориентиры в поле внимания","Хранить самооценку вместе с датой и пояснением","Локальный редактор","Не проверено","1.5.0","No Data","No Data","No Data","No Data"
"I05","Удерживать показатели и выбранные ориентиры в поле внимания","Наблюдать ограничитель отдельно от прогресса приоритета","Локальный редактор","Не проверено","1.5.0","No Data","No Data","No Data","No Data"
"D01","Ежедневная оперативная работа над главной проблемой","Выбрать проблему и один результат на сегодня","Локальный редактор","Не проверено","1.5.0","No Data","No Data","No Data","No Data"
"D02","Ежедневная оперативная работа над главной проблемой","Сохранить частичный прогресс и препятствие","Локальный редактор","Не проверено","1.5.0","No Data","No Data","No Data","No Data"
"D03","Ежедневная оперативная работа над главной проблемой","Подтвердить готовность результатом","Локальный редактор","Не проверено","1.5.0","No Data","No Data","No Data","No Data"
"D04","Ежедневная оперативная работа над главной проблемой","Смена периода показателей не подменяет сегодняшний фокус","Локальный редактор","Не проверено","1.5.0","No Data","No Data","No Data","No Data"
"D05","Ежедневная оперативная работа над главной проблемой","Связать главное с реальной работой и учесть время","Локальный редактор","Не проверено","1.5.0","No Data","No Data","No Data","No Data"
"D06","Ежедневная оперативная работа над главной проблемой","Уточнить проблему без потери прошлой формулировки","Локальный редактор","Не проверено","1.5.0","No Data","No Data","No Data","No Data"
"W01","Вести работы от замысла до эксплуатации и вывода из неё","Следить за открытыми задачами до эксплуатации","Локальный редактор","Не проверено","1.5.0","No Data","No Data","No Data","No Data"
"W02","Вести работы от замысла до эксплуатации и вывода из неё","Сохранить свободные размышления и критерий пригодности работы","Предстоящая функция","Ожидает реализации","1.5.0","No Data","No Data","No Data","No Data"
"W03","Вести работы от замысла до эксплуатации и вывода из неё","Отличать готовность к использованию от фактической эксплуатации","Предстоящая функция","Ожидает реализации","1.5.0","No Data","No Data","No Data","No Data"
"W04","Вести работы от замысла до эксплуатации и вывода из неё","Вывести систему из эксплуатации с сохранением её истории","Предстоящая функция","Ожидает реализации","1.5.0","No Data","No Data","No Data","No Data"
"W05","Вести работы от замысла до эксплуатации и вывода из неё","Настраивать стадии и возвращать работу на уточнение","Предстоящая функция","Ожидает реализации","1.5.0","No Data","No Data","No Data","No Data"
"W06","Вести работы от замысла до эксплуатации и вывода из неё","Открывать ту же работу из дашборда и внешнего задачника","Предстоящая функция","Ожидает реализации","1.5.0","No Data","No Data","No Data","No Data"
"T01","Настраиваемый таймер в карточке задачи или активности","Запустить помидорку из карточки работы","Локальный редактор","Не проверено","1.5.0","No Data","No Data","No Data","No Data"
"T02","Настраиваемый таймер в карточке задачи или активности","Настроить длину работы и перерывов","Локальный редактор","Не проверено","1.5.0","No Data","No Data","No Data","No Data"
"T03","Настраиваемый таймер в карточке задачи или активности","Исключить паузу и перерыв из рабочих часов","Локальный редактор","Не проверено","1.5.0","No Data","No Data","No Data","No Data"
"T04","Настраиваемый таймер в карточке задачи или активности","Сохранить досрочную работу без полного помидора","Локальный редактор","Не проверено","1.5.0","No Data","No Data","No Data","No Data"
"T05","Настраиваемый таймер в карточке задачи или активности","Продлить план без добавления неотработанного времени","Локальный редактор","Не проверено","1.5.0","No Data","No Data","No Data","No Data"
"T06","Настраиваемый таймер в карточке задачи или активности","Считать разные длительности по фактическому времени","Локальный редактор","Не проверено","1.5.0","No Data","No Data","No Data","No Data"
"T07","Настраиваемый таймер в карточке задачи или активности","Продолжить один сеанс на другом устройстве","Локальный редактор","Не проверено","1.5.0","No Data","No Data","No Data","No Data"
"T08","Настраиваемый таймер в карточке задачи или активности","Восстановить отсчёт и проверить забытый сеанс","Локальный редактор","Не проверено","1.5.0","No Data","No Data","No Data","No Data"
"T09","Настраиваемый таймер в карточке задачи или активности","Проверить сигнал на настоящем Android","Предстоящая функция","Ожидает реализации","1.5.0","No Data","No Data","No Data","No Data"
"S01","Видеть куда уходит учтённое время и сверять норматив","Видеть общий итог и отдельные назначения времени","Локальный редактор","Не проверено","1.5.0","No Data","No Data","No Data","No Data"
"S02","Видеть куда уходит учтённое время и сверять норматив","Разобрать запись без удвоения времени","Локальный редактор","Не проверено","1.5.0","No Data","No Data","No Data","No Data"
"S03","Видеть куда уходит учтённое время и сверять норматив","Не удваивать повторно загруженный сеанс","Локальный редактор","Не проверено","1.5.0","No Data","No Data","No Data","No Data"
"S04","Видеть куда уходит учтённое время и сверять норматив","Задать недельный норматив для конкретной задачи","Локальный редактор","Не проверено","1.5.0","No Data","No Data","No Data","No Data"
"S05","Видеть куда уходит учтённое время и сверять норматив","Проверять направление времени по собственному выбору целей","Предстоящая функция","Ожидает реализации","1.5.0","No Data","No Data","No Data","No Data"
"S06","Видеть куда уходит учтённое время и сверять норматив","Проверить возможный дубль между разными источниками","Предстоящая функция","Ожидает реализации","1.5.0","No Data","No Data","No Data","No Data"
"G01","Наблюдать годовые цели и изменения характеристик систем","Измерять числовую цель от базы к ориентиру","Локальный редактор","Не проверено","1.5.0","No Data","No Data","No Data","No Data"
"G02","Наблюдать годовые цели и изменения характеристик систем","Использовать один замер характеристики для системы и цели","Локальный редактор","Не проверено","1.5.0","No Data","No Data","No Data","No Data"
"G03","Наблюдать годовые цели и изменения характеристик систем","Не превращать закрытые задачи в достигнутую цель","Локальный редактор","Не проверено","1.5.0","No Data","No Data","No Data","No Data"
"G04","Наблюдать годовые цели и изменения характеристик систем","Перенести выбранные 3 или 4 годовые цели без выдуманных процентов","Предстоящая функция","Ожидает реализации","1.5.0","No Data","No Data","No Data","No Data"
"G05","Наблюдать годовые цели и изменения характеристик систем","Определить текстовую шкалу по проверяемым уровням","Предстоящая функция","Ожидает реализации","1.5.0","No Data","No Data","No Data","No Data"
"G06","Наблюдать годовые цели и изменения характеристик систем","Сохранить смысл истории при изменении шкалы","Предстоящая функция","Ожидает реализации","1.5.0","No Data","No Data","No Data","No Data"
"G07","Наблюдать годовые цели и изменения характеристик систем","Сверить связи цели и характеристик перед переносом","Предстоящая функция","Ожидает реализации","1.5.0","No Data","No Data","No Data","No Data"
"G08","Наблюдать годовые цели и изменения характеристик систем","Отделить закрепление карточки от стадии цели","Предстоящая функция","Ожидает реализации","1.5.0","No Data","No Data","No Data","No Data"
"C01","Свободно размышлять над кейсами и возвращаться к диагностике","Начать вести неясную ситуацию без проекта","Локальный редактор","Не проверено","1.5.0","No Data","No Data","No Data","No Data"
"C02","Свободно размышлять над кейсами и возвращаться к диагностике","Сохранять последовательность размышлений диагностическими записями","Локальный редактор","Не проверено","1.5.0","No Data","No Data","No Data","No Data"
"C03","Свободно размышлять над кейсами и возвращаться к диагностике","Оставить кейс под наблюдением","Локальный редактор","Не проверено","1.5.0","No Data","No Data","No Data","No Data"
"C04","Свободно размышлять над кейсами и возвращаться к диагностике","Не закрывать кейс без результата","Локальный редактор","Не проверено","1.5.0","No Data","No Data","No Data","No Data"
"C05","Свободно размышлять над кейсами и возвращаться к диагностике","Сохранить историю свободного текста и изменения стадий кейса","Предстоящая функция","Ожидает реализации","1.5.0","No Data","No Data","No Data","No Data"
"B01","Сверять исходные таблицы и различать редактор и веб-снимок","Найти основание показателя в таблице","Локальный редактор","Не проверено","1.5.0","No Data","No Data","No Data","No Data"
"B02","Сверять исходные таблицы и различать редактор и веб-снимок","Выгрузить текст без потери строк и символов","Локальный редактор","Не проверено","1.5.0","No Data","No Data","No Data","No Data"
"B03","Сверять исходные таблицы и различать редактор и веб-снимок","Посмотреть данные из любой сети под своим аккаунтом","Закрытый снимок Sites","Не проверено","1.5.0","No Data","No Data","No Data","No Data"
"B04","Сверять исходные таблицы и различать редактор и веб-снимок","Не принимать веб-снимок за редактируемый задачник","Закрытый снимок Sites","Не проверено","1.5.0","No Data","No Data","No Data","No Data"
"B05","Сверять исходные таблицы и различать редактор и веб-снимок","Не выдавать старые данные за нули или свежую синхронизацию","Закрытый снимок Sites","Не проверено","1.5.0","No Data","No Data","No Data","No Data"
"B06","Сверять исходные таблицы и различать редактор и веб-снимок","Закрыть личные данные от анонимного посетителя","Закрытый снимок Sites","Не проверено","1.5.0","No Data","No Data","No Data","No Data"
"E01","Связать внимание, работу, время и проверяемый результат","Пройти путь от годовой цели до проверенного изменения системы","Предстоящая функция","Ожидает реализации","1.5.0","No Data","No Data","No Data","No Data"
"E02","Связать внимание, работу, время и проверяемый результат","Пересмотреть фокус при отсутствии результата","Предстоящая функция","Ожидает реализации","1.5.0","No Data","No Data","No Data","No Data"
"O01","Таймер на устройстве без сети","Подготовить устройство и восстановить активный сеанс","Локальный редактор","Не проверено","1.5.0","No Data","No Data","No Data","No Data"
"O02","Таймер на устройстве без сети","Завершить без сети и сохранить очередь","Локальный редактор","Не проверено","1.5.0","No Data","No Data","No Data","No Data"
"O03","Таймер на устройстве без сети","Отправить запись и получить прогресс норматива","Локальный редактор","Не проверено","1.5.0","No Data","No Data","No Data","No Data"
"O04","Таймер на устройстве без сети","Потерянный ответ не удваивает учёт","Локальный редактор","Не проверено","1.5.0","No Data","No Data","No Data","No Data"
"O05","Таймер на устройстве без сети","Разобрать пересечение с таймером ПК","Локальный редактор","Не проверено","1.5.0","No Data","No Data","No Data","No Data"
"O06","Таймер на устройстве без сети","Две вкладки и перерывы","Локальный редактор","Не проверено","1.5.0","No Data","No Data","No Data","No Data"
"O07","Таймер на устройстве без сети","Выгрузка и защита от другого сервера","Локальный редактор","Не проверено","1.5.0","No Data","No Data","No Data","No Data"
"O08","Таймер на устройстве без сети","Реальный Android и возвращение связи","Локальный редактор","Не проверено","1.5.0","No Data","No Data","No Data","No Data"
